{
  "project_info": {
    "project_number": "676289475342",
    "project_id": "animal-teste-e15e3",
    "storage_bucket": "animal-teste-e15e3.appspot.com"
  },
  "client": [
    {
      "client_info": {
        "mobilesdk_app_id": "1:676289475342:android:4cb960811dcf26e30f9d5f",
        "android_client_info": {
          "package_name": "com.example.animal_teste__"
        }
      },
      "oauth_client": [
        {
          "client_id": "676289475342-g49u81nkq16s42l8bm33kjj7flntuusr.apps.googleusercontent.com",
          "client_type": 3
        }
      ],
      "api_key": [
        {
          "current_key": "AIzaSyAEZk6oxu0vwENUl62KfGC8O3WmuJHt8Ok"
        }
      ],
      "services": {
        "appinvite_service": {
          "other_platform_oauth_client": [
            {
              "client_id": "676289475342-g49u81nkq16s42l8bm33kjj7flntuusr.apps.googleusercontent.com",
              "client_type": 3
            }
          ]
        }
      }
    }
  ],
  "configuration_version": "1"
}