{
  "project_info": {
    "project_number": "161193498952",
    "project_id": "fumator-ead3a",
    "storage_bucket": "fumator-ead3a.appspot.com"
  },
  "client": [
    {
      "client_info": {
        "mobilesdk_app_id": "1:161193498952:android:998da403cdeaaf05cc7b7d",
        "android_client_info": {
          "package_name": "com.example.teste_fumator"
        }
      },
      "oauth_client": [
        {
          "client_id": "161193498952-irpidhp36ddruegjufivujrgut71qgr7.apps.googleusercontent.com",
          "client_type": 1,
          "android_info": {
            "package_name": "com.example.teste_fumator",
            "certificate_hash": "ec224528e546f0c88c3ca2b116b351ac64ffbf94"
          }
        },
        {
          "client_id": "161193498952-d7an6qf9q913sph67jugctenpe3ij8lc.apps.googleusercontent.com",
          "client_type": 3
        }
      ],
      "api_key": [
        {
          "current_key": "AIzaSyCl4QGN8fhp-PtdYQpvmUV3q3dgyj3ydvo"
        }
      ],
      "services": {
        "appinvite_service": {
          "other_platform_oauth_client": [
            {
              "client_id": "161193498952-d7an6qf9q913sph67jugctenpe3ij8lc.apps.googleusercontent.com",
              "client_type": 3
            }
          ]
        }
      }
    }
  ],
  "configuration_version": "1"
}